date,메이플스토리M,검은사막 모바일,마비노기 모바일,아이온2
2023-07-31,0.63389,0.28968,0.08752,0.03166
2023-08-07,0.56249,0.28742,0.08827,0.19712
2023-08-14,0.47539,0.24164,0.0881,0.18201
2023-08-21,0.51571,0.30892,0.08189,0.12716
2023-08-28,0.40459,0.46044,0.08474,0.09339
2023-09-04,0.35763,0.3237,0.08189,0.0939
2023-09-11,0.34058,0.4622,0.0808,0.06576
2023-09-18,1.11264,0.33932,0.08424,0.06333
2023-09-25,0.37049,0.37426,0.08399,0.07139
2023-10-02,0.3064,0.29288,0.09667,0.06366
2023-10-09,0.40929,0.24794,0.11515,0.06165
2023-10-16,1.25795,0.20225,0.10717,0.05207
2023-10-23,0.5089,0.19838,0.11448,0.06778
2023-10-30,0.38224,0.18495,0.11145,0.06106
2023-11-06,0.36662,0.17604,0.11263,0.06022
2023-11-13,0.42155,0.17294,0.13069,0.06442
2023-11-20,0.35612,0.15824,0.11254,0.05518
2023-11-27,0.33672,0.14312,0.10977,0.03939
2023-12-04,0.32269,0.14329,0.12128,0.0897
2023-12-11,0.68764,0.1831,0.10515,0.06584
2023-12-18,0.41273,0.34067,0.08113,0.04359
2023-12-25,0.46968,0.32941,0.08684,0.03687
2024-01-01,0.51058,0.22795,0.09003,0.04695
2024-01-08,0.84235,0.20653,0.08844,0.05971
2024-01-15,0.64716,0.19788,0.08147,0.15647
2024-01-22,0.60533,0.20384,0.07592,0.08273
2024-01-29,0.50907,0.19813,0.07525,0.05375
2024-02-05,0.59424,0.18906,0.07349,0.05005
2024-02-12,0.47934,0.15278,0.06988,0.09129
2024-02-19,0.40853,0.19074,0.06862,0.06383
2024-02-26,0.38653,0.26944,0.0797,0.06005
2024-03-04,0.52822,0.19326,0.08432,0.05703
2024-03-11,0.31782,0.16395,0.07668,0.05182
2024-03-18,0.30909,0.13136,0.07256,0.05829
2024-03-25,0.30548,0.12808,0.0703,0.07231
2024-04-01,0.68512,0.28884,0.06475,0.08222
2024-04-08,0.49891,0.21544,0.0603,0.07962
2024-04-15,0.37788,0.16899,0.07198,0.13178
2024-04-22,0.27826,0.17638,0.07088,0.08575
2024-04-29,0.30749,0.15975,0.06601,0.06912
2024-05-06,0.24072,0.1553,0.06954,0.0897
2024-05-13,0.22644,0.12817,0.07609,0.08945
2024-05-20,0.23425,0.12674,0.08147,0.12338
2024-05-27,0.30615,0.11985,0.07576,0.09003
2024-06-03,0.29582,0.15504,0.08273,0.06836
2024-06-10,0.24441,0.13052,0.08407,0.06089
2024-06-17,0.37015,0.12632,0.09247,0.05199
2024-06-24,0.60491,0.13766,0.0834,0.05619
2024-07-01,0.38518,0.14774,0.08189,0.05014
2024-07-08,0.33067,0.15756,0.08474,0.10297
2024-07-15,0.52394,0.15622,0.08592,0.08718
2024-07-22,0.71956,0.16067,0.08432,0.22451
2024-07-29,0.48656,0.25021,0.07744,0.0671
2024-08-05,0.36536,0.18016,0.09087,0.07366
2024-08-12,0.31051,0.17907,0.09045,0.06635
2024-08-19,0.32538,0.14463,0.08793,0.07668
2024-08-26,0.26776,0.15135,0.08567,0.07601
2024-09-02,0.2408,0.13421,0.08617,0.05459
2024-09-09,0.26071,0.14371,0.07634,0.05761
2024-09-16,0.28238,0.12052,0.05745,0.0477
2024-09-23,0.35159,0.13371,0.06265,0.05266
2024-09-30,0.2807,0.12624,0.05677,0.04703
2024-10-07,0.38527,0.14522,0.06752,0.05115
2024-10-14,0.30783,0.17092,0.08441,0.04921
2024-10-21,0.40064,0.15983,0.06215,0.07223
2024-10-28,0.31606,0.14807,0.1296,0.0687
2024-11-04,0.27927,0.11439,0.1002,0.11876
2024-11-11,0.31513,0.13539,0.10465,0.08138
2024-11-18,0.34109,0.12582,0.09138,0.0619
2024-11-25,0.22971,0.12825,0.07567,0.06316
2024-12-02,0.3452,0.11288,0.06887,0.1222
2024-12-09,0.93676,0.14488,0.0734,0.07744
2024-12-16,0.66891,0.23433,0.06971,0.06778
2024-12-23,0.53738,0.26684,0.0682,0.09717
2024-12-30,0.41802,0.21258,0.09902,0.1217
2025-01-06,0.38166,0.16697,0.12498,0.11506
2025-01-13,0.56291,0.14463,0.09239,0.13094
2025-01-20,0.37376,0.16932,0.08533,0.1233
2025-01-27,0.36897,0.16412,0.69545,0.14581
2025-02-03,0.31278,0.15563,4.90187,0.14018
2025-02-10,0.34613,0.16664,2.68825,0.31908
2025-02-17,0.26734,0.19284,1.66716,0.21602
2025-02-24,0.23543,0.22325,1.35656,0.14194
2025-03-03,0.25096,0.1689,1.45004,0.17629
2025-03-10,0.29943,0.16218,1.65733,0.14387
2025-03-17,0.21552,0.14219,3.21052,0.13447
2025-03-24,0.19629,0.13766,35.57301,0.12691
2025-03-31,0.29069,0.15127,23.13014,0.11011
2025-04-07,0.41828,0.14883,20.60222,0.11355
2025-04-14,0.25239,0.11548,18.22482,0.23971
2025-04-21,0.22131,0.11263,20.89854,0.24979
2025-04-28,0.23501,0.11254,12.99873,0.18906
2025-05-05,0.22543,0.09348,18.26329,0.18957
2025-05-12,0.29884,0.14497,14.47691,4.66652
2025-05-19,0.2109,0.13321,11.51711,3.45527
2025-05-26,0.21871,0.14337,14.56124,7.62079
2025-06-02,0.27667,0.10507,10.13711,2.75402
2025-06-09,0.48413,0.11137,12.02459,1.67682
2025-06-16,0.37586,0.10767,34.69286,1.23703
2025-06-23,0.44087,0.10541,10.63972,1.17538
2025-06-30,0.8563,0.10793,13.00486,1.16908
2025-07-07,0.40215,0.11044,6.95708,0.86344
2025-07-14,0.32001,0.1474,11.22985,1.03142
2025-07-21,0.24055,0.2109,6.53225,1.07728
2025-07-28,0.32177,0.17319,8.20042,1.16606
2025-08-04,0.23862,0.14555,5.87081,2.13844
2025-08-11,0.21653,0.14589,5.52199,2.10089
2025-08-18,0.20048,0.16067,10.55867,1.24946
2025-08-25,0.22921,0.13783,5.16661,1.24107
2025-09-01,0.14807,0.18041,7.50051,1.3521
2025-09-08,0.17294,0.1243,4.72935,9.48147
2025-09-15,0.15026,0.13312,5.80538,8.49708
2025-09-22,0.21342,0.11019,14.71772,4.185
2025-09-29,0.20821,0.128,11.0596,5.09908
2025-10-06,0.18268,0.09608,4.59815,5.22944
2025-10-13,0.18931,0.10171,7.56552,39.46505
2025-10-20,0.18175,0.11548,4.96251,9.37967
2025-10-27,0.22249,0.09885,7.30514,6.94549
2025-11-03,0.21796,0.10398,6.23869,10.00692
2025-11-10,0.23904,0.10146,9.36606,32.64218
2025-11-17,0.20536,0.12187,6.81127,100
2025-11-24,0.20485,0.19057,6.25213,50.82677
2025-12-01,0.24475,0.19738,5.94825,32.90483
2025-12-08,0.25306,0.22963,5.68821,27.07937
2025-12-15,0.56022,0.2597,9.43258,20.74257
2025-12-22,0.33916,0.16176,3.4593,23.3617
2025-12-29,0.2303,0.1322,4.5827,16.42973
2026-01-05,0.20368,0.10499,3.10032,14.55427
2026-01-12,0.26902,0.15748,5.49788,16.65441
2026-01-19,0.18091,0.09323,2.73974,20.59525
2026-01-26,0.17898,0.0871,2.97576,13.63816
2026-02-02,0.19116,0.09255,3.24966,11.48469
2026-02-09,0.30069,0.24651,5.61782,20.935
2026-02-16,0.17159,0.22661,1.8186,7.71234
2026-02-23,0.14488,0.28145,2.94317,12.75154
2026-03-02,0.12195,1.09324,2.00372,8.74864
2026-03-09,0.14303,0.44347,3.50877,9.26527
2026-03-16,0.20527,0.35495,2.32809,10.26411
2026-03-23,0.13489,0.25567,5.98336,15.29726
2026-03-30,0.12346,0.213,3.27654,9.97014
2026-04-06,0.17092,0.17176,2.4162,13.40441
2026-04-13,0.20477,0.1348,2.33095,8.56814
2026-04-20,0.12296,0.1238,3.88229,16.55564
2026-04-27,0.11515,0.11103,1.9492,11.13813
2026-05-04,0.12548,0.11406,1.34631,6.33478
2026-05-11,0.13539,0.0986,1.72511,8.43887
2026-05-18,0.1684,0.10305,2.52447,6.43465
2026-05-25,0.13153,0.09272,2.33305,6.32109
2026-06-01,0.1212,0.09323,2.28123,7.54377
2026-06-08,0.15127,0.08903,2.34867,7.12036
2026-06-15,0.20981,0.08651,3.21615,8.96097
2026-06-22,0.149,0.1432,6.62422,6.41298
2026-06-29,0.1595,0.10196,4.06892,11.90204
2026-07-06,0.16739,0.13959,2.39957,6.63774
2026-07-13,0.38812,0.12052,2.66532,8.05612
2026-07-20,0.53788,0.10154,2.10207,6.88308
2026-07-27,0.89888,0.10919,1.79365,6.26439
2026-08-03,0.3258,0.10625,1.67825,5.19794
2026-08-10,0.2093,0.09877,2.77141,5.01736
2026-08-17,0.18604,0.0897,1.90502,4.9484
2026-08-24,0.04283,0.02998,0.48875,3.73429
